Title,Price,Seller Location,Discount,Products Sold,Number of Reviews
PROTHIN WHEY RIPPED 10 Servings,₱269,Metro Manila,4% Off,"7,510 sold",(2118)
A1 Protein Benchmark 100% Whey Protein 10 Servings New Packaging and Formula (11/24 to 2025 Expiration),₱275,Rizal,61% Off,"9,999+ sold",(5968)
K5 RESERVA WHEY PROTEIN FUSION 10 Servings,₱248,Rizal,59% Off,794 sold,(278)
Prothin Whey Ripped 10 Servings (2025 Expiration),₱269,Rizal,73% Off,"5,745 sold",(1694)
Prothin Whey Ripped Powder 10 Servings (Milk Chocolate) Muscle Power Weight Loss Protein Lean Whey,₱280,Metro Manila,44% Off,"2,258 sold",(620)
Anchor Protein Plus Milk Powder Plain 280g,₱152,Bulacan,,"1,648 sold",(465)
"K5 WHEY BUDGET PACK NO BOX (10,20,30,40 or 50Servings)",₱248,Rizal,88% Off,336 sold,(158)
"ON Optimum Nutrition Serious Mass Gainer 1lb/454g, 2lbs/908g with Shaker FREE AMINO",₱350,Metro Manila,,"5,786 sold",(1640)
A1 Benchmark Whey Protein 10 Servings WITH Shaker or Shirt,₱275,Metro Manila,,470 sold,(169)
"Nutrimax Super Advanced Whey x3 Protein 100% Whey Protein Powder build lean muscle, strength with muscle gain fat loss",₱149,Metro Manila,63% Off,528 sold,(170)
Nutrihero Green Juice - Organic Superfoods Powder - 30-Day Supply - Organic Vegan Greens - Fitness Juice - Best Organic Protein Powder for Weight Loss - Juice for Diet - Boosts Immune System - Helps Relieves Stress - Juice for Overall Health,₱984.01,Metro Manila,2% Off,956 sold,(278)
"Prothin Creatine Monohydrate 5g, 1 sachet",₱19,Bulacan,53% Off,"9,999+ sold",(405)
A1 PROTEIN CREATINE MONOHYDRATE 10 or 75 SERVINGS (MICRONIZED) New Product!,₱130,Rizal,94% Off,785 sold,(286)
ACTIVE WHEY PROTEIN 1LB 100% Whey Protein Powder,₱699,Metro Manila,13% Off,"9,999+ sold",(7748)
REPACKED: MUTANT MASS XXXTREME 1LB 100% PURE & AUTHENTIC!,₱349,Metro Manila,,"2,048 sold",(611)
Prothin Whey Ripped Powder 60 Servings (Milk Chocolate) MusclePower Weight Loss Protein Lean Whey Premium,"₱1,600",Metro Manila,45% Off,446 sold,(178)
Prothin Whey Ripped (Creamy Vanilla) 10 Servings Muscle Recovery Fat Loss 100x Proven and Effective Foodsupplement,₱280,Metro Manila,44% Off,621 sold,(183)
A1 PROTEIN MASS GAINER 10 or 20 SACHETS (2025 Expiration),₱275,Rizal,73% Off,684 sold,(253)
PROTHIN WHEY RIPPED 10 Sachet WITH FREE !,₱269,Metro Manila,,"1,233 sold",(315)
K5 RESERVA WHEY PROTEIN FUSION 10 Servings,₱248,Rizal,59% Off,203 sold,(91)
Optimum Nutrition Serious Mass 12lbs Mass Gainer with Shaker 600ml Weight Gainer Whey Protein Powder,"₱3,725",Metro Manila,,379 sold,(101)
Ttuleban 20 Roasted Grains Mixed Misugaru powder 26g/ highly nutritious meal replacement/low-calorie,₱23,Metro Manila,,125 sold,(14)
RHYNO NUTRITION WHEY PROTEIN 1 SACHET,₱29,Metro Manila,,928 sold,(44)
ACTIVE Whey Protein Starter Pack 2LB 100% Whey Protein Powder,"₱1,399",Metro Manila,22% Off,"9,999+ sold",(5414)
Pure Unsweetened Matcha Powder Keto Low Carb Approved,₱350,Metro Manila,,"9,999+ sold",(8159)
ENPLUS GOLD 900G - Adult Nutritional Powder Drink,"₱1,650",Metro Manila,,448 sold,(102)
"Super Greens, Alkalizing Formula, 300g Powder","₱1,770",Pampanga,43% Off,67 sold,(21)
Optimum Nutrition Gold Standard 100% Whey Protein 5 lbs,"₱3,800",Laguna,18% Off,"9,999+ sold",(3763)
"Optimum Nutrition Whey Protein 2lbs, ON Gold Standard Whey Protein Powder","₱2,199",Metro Manila,3% Off,"7,776 sold",(1915)
PROTHIN WHEY RIPPED 60 Servings FREE TANK TOP OR SHAKER,"₱1,598",Metro Manila,,"9,999+ sold",(3172)
RHYNO NUTRITION WHEY PROTEIN 10 SACHETS,₱279,Metro Manila,,"3,761 sold",(964)
A1 Benchmark Whey Protein 10 & 75 Servings Free Shaker or Shirt,"₱1,870",Metro Manila,,632 sold,(258)
Optimum Nutrition Serious Mass 6 lbs Protein,"₱2,370",Laguna,15% Off,"9,999+ sold",(3503)
NUTRIMAX Whey Protein for Muscle Growth For Men and Women Whey Protein Isolate Gain Muscle Fast Lose Fat Lean Muscles,₱139,Metro Manila,70% Off,49 sold,(20)
Sale! ON Serious Mass 1 serving Repack(Ziplock),₱35,Metro Manila,,"1,894 sold",(102)
"Orgain Organic Protein and Superfoods Plant Based Protein Powder, Creamy Chocolate Fudge, 2.64 lbs, exp 5/2025","₱2,899",Metro Manila,,62 sold,(11)
MUSCLETECH Nitro-Tech Performance Series Chocolate 4lb (Best by: September 2025),"₱3,055",Metro Manila,25% Off,326 sold,(102)
GPGP GreenPeople Creatine Monohydrate Powder | Platinum Creatine Powder Muscle Recovery + Muscle Builder for Men & Women | Workout Supplements,₱402.75,Laguna,42% Off,"5,205 sold",(1547)
"Greendahan Egg White Powder 250g | 500g - Protein Rich, Low Cholesterol",₱425,Metro Manila,,6 sold,(2)
"Whey Protein Powder,Gold Standard 100%Micellar Casein, Milk Isolate, Low Sugar,High Protein Meal Replacement Shake, Whey Protein Powder for Weight Loss and Muscle GrowthInstant Mixability, Smooth, Perfect Chocolate 1.0 lbs, Light Brown, 90 servings",₱334.17,Cavite,61% Off,"1,130 sold",(214)
PROTHIN CREATINE MONOHYDRATE 60 SERVINGS (New Product!),₱180,Rizal,89% Off,"3,203 sold",(1101)
Muscle Rulz Gain Rulz 1lb (REPACKED) | Mass Gainer | Weight Gainer Protein,₱89,Metro Manila,,48 sold,(21)
Optimum Nutrition Gold Standard 100% Whey Protein 2 lbs,"₱2,100",Laguna,18% Off,"9,999+ sold",(5180)
Secret de peau Gold Standard 100% Whey Protein 2 LBS,"₱1,526.4",Metro Manila,49% Off,"2,935 sold",(45)
Anchor Protein Plus Milk Powder Plain 800g,₱417,Bulacan,,"1,952 sold",(616)
OPTIMUM NUTRITION SERIOUS MASS 1LB OR 2LBS - MASS GAINER WHEY PROTEIN WEIGHT GAINER,₱355,Metro Manila,,528 sold,(184)
NUTRIMAX Super Advanced Whey X3 Protein Build Lean Muscle & Strength Reduce excess fat 100% Original,₱139,Metro Manila,54% Off,407 sold,(140)
"K5 Reserva Whey Protein Fusion 10, 20, 30, 40 & 50 Sachets (NO BOX)- 350g with Creatine and BCAA",₱248,Metro Manila,,124 sold,(44)
NAVITAS Barley Grass Powder Organic 100% Natural Pure Barley Grass Low Sugar Body Detoxification and Weight Loss,₱129,,82% Off,,
Nutri Max Super Advanced Whey X3 Protein Powder build lean muscle strength slim body lose fat 100 standard,₱149,Metro Manila,50% Off,28 sold,(11)
Stacker Elite Protein Fusion 5lbs. 57 Servings FREE Shaker,"₱1,535.04",Metro Manila,61% Off,"1,304 sold",(556)
Stacker Elite 100% Whey Protein FREE Shaker 5lbs,"₱1,551",Metro Manila,3% Off,"2,661 sold",(738)
Insane Labz Insane Whey Protein 60 servings. FREE Shaker,"₱1,760",Metro Manila,56% Off,"1,630 sold",(551)
Creatine Monohydrate Powder for Boosts Exercise Performance and Energy Muscle Recovery & Builder Muscle Workout Supplements for Men & Women,₱302.8,Overseas,70% Off,869 sold,(333)
ACTIVE Vegan Protein 1LB (Pea and Rice Protein Plant Protein Powder with MCT),₱699,Metro Manila,13% Off,"1,980 sold",(608)
ACTIVE WHEY PROTEIN 5LB 100% Whey Protein Powder,"₱2,499",Metro Manila,17% Off,"5,159 sold",(1389)
"PROTHIN WHEY Ripped 60 Servings + FREE Prothin Shaker, Prothin Cap, or Hoodie Tanktop (Whey Protein + Fat burner) SAVE 250 on CASHBACK","₱1,598",Rizal,47% Off,"5,077 sold",(1765)
Muscletech Nitrotech Whey Gold 5 lbs. FREE Shaker,"₱3,087.5",Metro Manila,49% Off,"2,424 sold",(622)
Greenola Pea Protein Powder (Wholesale) 250g | 500g,₱255.32,Metro Manila,2% Off,869 sold,(214)
Chia 100g and Collagen Powder Bovine Unflavored 50g COMBO Superfood,₱164.05,Metro Manila,4% Off,626 sold,(235)
RHYNO NUTRITION WHEY PROTEIN 1 SACHET,₱29,Metro Manila,,271 sold,(13)
Wheyl Nutrition Just Whey Protein Powder 1lb - 15 servings,₱799,Metro Manila,27% Off,"6,148 sold",(1230)
Prothin Monohydrate Creatine Powder 30 Servings ( No box ),₱179,Metro Manila,,519 sold,(198)
A1 PROTEIN BENCHMARK 100% WHEY PROTEIN BLEND NEW PACKAGING AND FORMULA 5lbs 75 SERVINGS + FREE A1 SHAKER or TANKTOP,"₱1,845",Rizal,39% Off,"5,918 sold",(2068)
REPACKED: ON SERIOUS MASS 1LB 100% PURE & AUTHENTIC!,₱354,Metro Manila,,"5,320 sold",(1335)
5lbs!!! Promatrix 7 Chocolate 65 servings Whey Protein,"₱1,699",Laguna,47% Off,"9,999+ sold",(1747)
A1 Whey Isolate 10 Servings NO BOX,₱345,Rizal,66% Off,"1,586 sold",(460)
Optimum Nutrition Platinum Hydro Whey Protein 3.52 lbs,"₱3,724.88",Laguna,25% Off,"2,214 sold",(423)
Greenola Pea Protein Powder 100g,₱147.3,Metro Manila,2% Off,330 sold,(52)
"Whey Protein Powder, of Easy-to-Digest Whey Protein Powder - NSF Certified for Sport - Chocolate Flavored 6g BCAAs, 4.5g Glutamine, Instant Mixing, Delicious Taste (Chocolate)",₱385.16,Cavite,55% Off,783 sold,(68)
"Whey Protein Powder, for Quick Absorption and Post Workout, Grass Fed Whey Protein - Low Carb and No Sugar - Chocolate (90 Servings)",₱385.16,Cavite,55% Off,653 sold,(61)
Optimum Nutrition Gold Standard 100% Whey Protein 1 lb,"₱1,260",Laguna,14% Off,"5,344 sold",(1368)
"Nutrimax Super Advanced Whey X3 Protein 100% Whey Protein Powder Muscle Gain, Fat Loss Reduce Excess Fat",₱149,Metro Manila,57% Off,16 sold,(5)
The Superfood Grocer Super Force Plant Vegan Protein Powder Chocolate 0.5 lb (7-9 servings),₱495,Metro Manila,10% Off,848 sold,(164)
"Optimum Nutrition Whey Protein, 1lb and 1 sachet, ON Gold Standard Whey Protein Powder",₱280,Metro Manila,,578 sold,(114)
ISP (ISOLATE SOY PROTEIN) 100grams 250grams 500grams 1kilogram,₱62,Bulacan,,152 sold,(22)
"Whey Protein Powder,Sport Protein,ISO100 Hydrolyzed Protein Powder, with 25g of Protein, 5.5g BCAAs, Fast Absorbing, Easy Digesting, Smooth,strawberry flavor Ice Cream Flavor",₱391.42,Cavite,54% Off,293 sold,(38)
SALE! Mutant Mass Extreme 2500 30grams. Exp.: 04/2025,₱30,Metro Manila,,150 sold,(32)
HONG JIN ACTIVE WHEY PROTEIN Whey Protein Fusion1.1lbs concentrate Protein Powder - 84g protein per serving,₱249,Metro Manila,95% Off,"2,311 sold",(29)
"ON Serious Mass 1LB/2LB/5LBS. with FREE! Choose from EVL Amino Tablets, BCAA Caps. or Weider Creatine Tabs. of 5/10/30 Pcs. - The Retro Whey Supplements - 1 Pound Optimum Nutrition",₱420,Metro Manila,30% Off,"5,444 sold",(1379)
Collagen Matcha Latte Powder Original 100% Pure Matcha Green Tea Powder Slim Body Drinks Tea,₱162,,73% Off,,
MUSCLEPOWER Whey Protein Isolate Meal Replacement Supplement for Lean Muscle 100% Low Calories,₱873,Metro Manila,66% Off,"1,082 sold",(119)
HONG JIN Whey Protein Powder Chocolate flavor High Protein Contene Fast Absorbing Milkshake Texture,₱249,Metro Manila,90% Off,"2,316 sold",(33)
A1 Benchmark Whey Protein 10 Sachets per Box (Choose Flavor),₱280,,26% Off,,
NUTRIMAX whey protein for muscle growth for men and women whey protein isolate gain muscle fast lose fat lean muscles,₱139,Metro Manila,85% Off,9 sold,
"Alliwise Vegan Protein Powder for Gain Weight Muscle Growth ,Supports Muscle Recovery & Endurance ,Increases Muscle Mass,pre or Post-workout",₱189.84,Overseas,5% Off,119 sold,(37)
MUTANT MASS XXXTREME 1LB OR 2LBS W/ FREEBIES,₱299,Metro Manila,,177 sold,(57)
HONG JIN Whey Protein 100% Whey Protein Powder 500g per box,₱160,Metro Manila,92% Off,"2,712 sold",(73)
Optimum Nutrition Serious Mass 30g / 100g Retail/Repack (EXP.01/2024),₱95,Metro Manila,,7 sold,
MUTANT MASS WEIGHT GAINER PROTEIN POWDER (1LB/2LBS),₱319,Metro Manila,,51 sold,(15)
"JUST Whey Protein (1lb, 15 servings) - All Flavors w/ FREE SCOOPER",₱799,Metro Manila,,"9,999+ sold",(2750)
SALE LOWEST PRICE! 250 GRAMS MUTANT MASS,₱179,Rizal,,672 sold,(125)
Greenola Pea Protein Powder 1kg (Wholesale),₱780,Metro Manila,,"1,317 sold",(274)
Lowest Price! 1lb ON Serious Mass Chocolate flavor free scoop for 2 order and up,₱339,Rizal,,417 sold,(118)
"Whey Protein Powder, Strengthen muscles, fitness meal replacement, Fast Absorbing, Easy Digesting, Chocolate Flavor",₱375.89,Cavite,56% Off,497 sold,(45)
2lbs !!! Promatrix 7 Whey Protein Chocolate 28 sevings,₱848,Laguna,6% Off,"9,187 sold",(1139)
MUTANT MASS XXXTREME 1LB W/ FREE 10 MUTANT AMINO TABLETS,₱379,Metro Manila,,"2,703 sold",(811)
2lbs !!! Promatrix7 Whey Protein Chocolate with Shaker,₱898,Laguna,73% Off,"8,313 sold",(2456)
"Optimum Nutrition Serious Mass 6lbs, ON Serious Mass Gainer Whey Protein Powder 6lbs","₱2,410",Metro Manila,,"7,671 sold",(2074)
ACTIVE Pure Isolate 1LB 100% Whey Protein Isolate Powder,₱813.05,Metro Manila,32% Off,"7,810 sold",(1808)
ACTIVE Lean Mass Gainer 5lb Protein Shake,"₱1,702.05",Metro Manila,15% Off,"6,382 sold",(1983)
Muscletech Mass Tech Masstech Extreme 2000 (1LB/2LBS) WTIH FREEBIES,₱349,Metro Manila,,60 sold,(17)
Minch Creatine Powder Creatine Muscle Builder for Men & Women Post Workout Recovery Drink Creatine Supplements,₱404.96,Overseas,80% Off,63 sold,(13)
Optimum Nutrition Gold Standard 100% Whey Protein Sachet,₱285,Laguna,21% Off,"1,693 sold",(480)
"MUSCLEPOWER Weight Loss Protein Powder, Lean Whey Protein Powder, Fat Burner Low Sugar",₱932,Metro Manila,72% Off,849 sold,(83)
Secret de peau Gold Standard 100% Whey Protein 2 LBS,"₱1,526.4",Metro Manila,49% Off,"2,343 sold",(50)
RHYNO NUTRITION WHEY PROTEIN GAINZ 10 SACHETS/BOX CHOCO FLAVOR,₱249,Metro Manila,11% Off,47 sold,(10)
RHYNO NUTRITION WHEY PROTEIN 10 SACHETS CHOCOLATE FLAVOR,₱249,Metro Manila,11% Off,14 sold,(5)
A1 Protein BenchMark 10 servings Free SnB GyM Sticker!,₱275,Pampanga,,72 sold,(25)
Creatine Monohydrate Powder 5000mg for Muscle Strength & Endurance Boosts Exercise Performance Reduce Fatigue for Men & Women Fitness,₱399,Overseas,41% Off,169 sold,(60)
"Strawberry Whey Protein Powder - Fuel Muscle Growth, Aid Weight Management, and Boost Daily Vitality, for Women & Men",₱368.7,Cavite,57% Off,44 sold,(33)
"LS Health Creatine Monohydrate Powder | Men's And Women's Fitness, Muscle Strength And Endurance | Platinum Creatine Powder Muscle Recovery Workout Supplements",₱352.8,Overseas,46% Off,569 sold,(174)
"1KG MUSCLEPOWER Weight Loss Protein Powder, Lean Whey Protein Powder, Fat Burner Low Sugar",₱278,Rizal,83% Off,13 sold,(11)
"Whey Protein Powder, Undenatured Micellar Casein, Whey Protein & Egg White Protein, Instant Mixability, Smooth, Creamy Flavor, Perfect Chocolate 1.0 lbs, Light Brown, 1 Pound (SM5PC)90 copies",₱385.16,Cavite,55% Off,"1,422 sold",(91)
"Vanilla Whey Protein Powder, Gold Standard 100% Plant Based Protein Powder, Vegan Protein for Muscle Support and Recovery with Amino Acids - Creamy Vanilla, 90 Servings, 1 Pound",₱391.42,Cavite,54% Off,51 sold,(36)
"Whey Protein Powder - Post-Workout Whey Protein Isolate, Zero Artificial Flavors and Sweeteners, Strawberry Flavor, 1 lb (18 servings)",₱385.62,Cavite,55% Off,312 sold,(47)
"Mutant Mass EXTREME 1LB/ 2LBS./5LBS. (Triple Chocolate) with FREE Evl Amino, Mutant BCAA OR Weider Creatine 10/20/50 Pcs. - The Retro Whey Supplements",₱350,Metro Manila,22% Off,"3,933 sold",(1154)
Protein powder | Increase muscle mass | Promote exercise recovery | Support immune system | vanilla flavor,₱385.16,Cavite,55% Off,"2,134 sold",(70)
Whey Protein Powder 200G Creatine Supplement Protein Enhance Muscle Development Post Workout Fitness & Nutrition Shakes Smoothies Zero Artificial Ingredients,₱127.5,Overseas,60% Off,64 sold,(20)
K5 RESERVA WHEY PROTEIN BLEND,₱239,,,,(2)
ON Gold Standard 100% Whey Double Rich Chocolate 5.5lb (Best by: September 2025),"₱4,100",,11% Off,,
"A1 CREATINE MONOHYDRATE 10,20, or 30 SERVINGS",₱130,,94% Off,,
OPTIMUM NUTRITION GOLD STANDARD 100% WHEY | 2LBS OR 5LBS PROTEIN POWDER with FREE SANDO!,"₱1,759",Metro Manila,,19 sold,(3)
"wasp-e 12000 Serious Mass 6lbs, ON Serious Mass Gainer Whey Protein Powder ON Optimum Nutrition Serious Mass Gainer",₱329,Cavite,67% Off,790 sold,(223)
Barley Grass Powder original 100% Organic Barley Low Carb Diabetic Friendly Effectively Lose Weight Body Detox 20PCS/BOX,₱85,Bulacan,57% Off,34 sold,(2)
ATHLIVA NUTRITION WHEY PROTEIN 10 SERVINGS,₱248,,59% Off,,(0)
"Alliwise Creatine Monohydrate Powder for Men & Women Gain Lean Muscle, Improve Performance and Strength and Support Workout Recovery",₱234.5,,61% Off,,
STACKER ELITE 100% WHEY PROTEIN 1LB,₱399,Metro Manila,,332 sold,(119)
FLEX WHEY PROTEIN BLEND BY RICH NUTRITION,₱150,Metro Manila,,28 sold,(17)
"Whey Protein Powder, Gold Standard 100% Whey Protein Powder, Chocolate 1.0 lb., 90 servings",₱376,Metro Manila,54% Off,"2,640 sold",(107)
K5 RESERVA WHEY PROTEIN FUSION 80 SERVINGS with FREE Shaker and Whey Sachet,"₱1,598",Rizal,68% Off,272 sold,(114)
K5 Reserva Whey Protein Fusion 80 Sachet - 2799g with Creatine and BCAA,"₱1,598",Metro Manila,,290 sold,(128)
Stacker Elite Whey Protein 5 lbs. FREE Shaker,"₱1,872",Metro Manila,38% Off,"4,507 sold",(948)
WASP-E 12000 Optimum Nutrition Serious Mass ON Serious Mass Gainer Whey Protein Powder Optimum Nutrition Serious Mass 6 lbs Protein,₱329,Cavite,67% Off,79 sold,(24)
ON Serious Mass 1lb pouch,₱287.95,Cebu,1% Off,433 sold,(109)
"Wheyl Prime Whey Isolate Protein Powder - 1lb pack - Zero Fat, Lactose-Free","₱1,499",Metro Manila,25% Off,"1,272 sold",(211)
"Whey Protein Powder,100% Golden Whey Protein - 22g of Premium Whey Protein Powder per Serving - Pre Post Intra Workout - Fast-Absorbing Whey Hydrolysate, Isolate & Concentrate Blend - Milk Chocolate Protein 1 lbs",₱375.89,Cavite,56% Off,687 sold,(57)
MOSBEAU Aojiru Collagen Food Supplement Powder 30s,"₱2,340",Laguna,,167 sold,(51)
Rule 1 Whey Blend 100% Whey 5lbs,"₱3,050",Rizal,,86 sold,(27)
Optimum Nutrition Serious Mass Gainer 1LB (454 GRAMS),₱285,Metro Manila,,17 sold,(1)
"Whey Protein Powder, Milk Chocolate,Dark Chocolate - 100% Grass-Fed Sports Nutrition Protein Powder for Muscle Growth & Recovery - Low-Fat, Low Carb, Naturally Flavored & Sweetened - 90 Servings",₱375.89,Cavite,56% Off,861 sold,(76)
"Whey Protein Powder, for Quick Absorption and Post Workout, Grass Fed Whey Protein, 100% Whey Isolate Protein - Low Carb and No Sugar – strawberry flavor (90 Servings)",₱368.7,Cavite,57% Off,301 sold,(49)
MUSCLETECH MASS TECH EXTREME VARIOUS SIZE PACK,₱115,Metro Manila,,65 sold,(20)
"Organic Vegan Vanilla Protein Powder, Dietary Supplement for Muscle Function & Recovery Support, with 25g Complete Plant Based Raw Protein & BCAAs Plus Probiotics & Digestive Enzymes for Easy Digestion",₱394.5,Cavite,54% Off,42 sold,(33)
OPTIMUM NUTRITION GOLD STANDARD 100% WHEY SACHET DOUBLE RICH CHOCOLATE,₱95,,58% Off,,
A1 Protein Benchmark Whey 10 Sachets trial pack,₱179,Metro Manila,,30 sold,(5)
On My Whey (OMW) Whey Protein Powder Keychain Gold Standard,₱198,Metro Manila,43% Off,860 sold,(171)
Organic Cranberry Powder,₱145,Metro Manila,,98 sold,(21)
"Whey Protein Powder,100% Golden Whey Protein - 25g of Premium Whey Protein Powder per Serving - Pre Post Intra Workout - Fast-Absorbing Whey Hydrolysate, Isolate & Concentrate Blend - Milk strawberry flavor Protein 1 lbs",₱385.16,Cavite,55% Off,290 sold,(40)
"Whey Protein Powder, for Muscle Building, Weight Management, Post-Workout Recovery and Daily Wellness, Vanilla Flavor",₱385.16,Cavite,55% Off,90 sold,(51)
Optimum Nutrition ON Gold Standard Whey Protein 5lbs 5.5lbs with Shaker,"₱8,110",,9% Off,,
"Vanilla flavored protein powder, Sports meal replacement, Protein, 100% Whey Protein, Keto Friendly, No Soy Ingredients",₱385.16,Cavite,54% Off,796 sold,(59)
NUTRIMAX whey protein for muscle growth for men and women whey protein isolate gain muscle fast lose fat lean muscles,₱139,,85% Off,,
Active Whey Protein 1LB 100% Whey Protein Powder Vanilla Flavor New Packaging Expires 2025 Free Scoop,₱363.6,Metro Manila,55% Off,993 sold,(49)
"Optimum Nutrition Serious Mass, ON Mass Gainer Whey Protein Powder","₱5,082",,13% Off,,
EN PLUS GOLD 400G-Adult Nutritional powder drink,₱770,,,,
Strawberry flavored protein powder - Muscle building protein powder - Contains whey protein isolate and peptides,₱385.16,Cavite,54% Off,795 sold,(57)
"Whey Protein Powder Vanilla Flavor for muscle building, weight management, post-workout recovery and everyday wellness",₱363.6,Metro Manila,55% Off,"1,060 sold",(28)
Nutrimax Whey Protein Super Advanced Whey X3 Protein Gain Muscle Fat Loss 24g Protein & 5.3g BCAAs *,₱362.04,,30% Off,,
Muscletech Masstech Extreme 2000,"₱2,499",Metro Manila,,20 sold,(4)
Prothin Whey Ripped For Muscle Recovery With Fat Burner 25g 1 sachet 30g,₱200,Metro Manila,,38 sold,(11)
【20PCS/1BOX】Navitas barley grass powder original 100% pure organic barley lose weight body detox,₱104,Bulacan,83% Off,"8,366 sold",(1445)
Nutrabio – CLASSIC WHEY,"₱1,850",Cavite,,177 sold,(63)
Optimum Nutrition Gold Standard 100% Whey (1LB/2LBS) Protein Powder,₱889,Metro Manila,,41 sold,(14)
BEWORTHS Creatine Monohydrate Powder 5000mg for Muscle Mass & Strength Energy Support Pre Workout Recovery,₱210.62,Overseas,58% Off,503 sold,(215)
A1 Mass Gainer: Ripped Body Building Supplement for Muscle Growth,₱362.69,,96% Off,,
Purely Inspired Organic Protein 1.35 lbs.,"₱1,376.55",Metro Manila,53% Off,257 sold,(59)
[BUY 1 GET 1] Nutrimax Super Advanced Whey x3 Protein 100% Whey Protein Powder Great for Meal Replacement Powder Muscle Gain Fat Loss,₱576,Metro Manila,71% Off,45 sold,(7)
A1 PROTEIN HER WHEY 10 SERVINGS (2025 Expiration),₱278,Rizal,54% Off,370 sold,(119)
"Portable Powder Bottle, Protein Powder Bottle 100ml Capacity Reused Easy Hanging Sturdy PP with Keychain for Gym",₱90.16,,49% Off,,
Salveo Barley Grass Powder,₱550,Metro Manila,54% Off,722 sold,(215)
"Optimum Nutrition Whey Protein 5lbs, 5.5lbs, ON Gold Standard Whey Protein Powder","₱3,949",Metro Manila,,"8,126 sold",(1947)
ON SERIOUS MASS 250GRAMS,₱249,Metro Manila,,"2,633 sold",(591)
Nutrimax Whey Protein Powder Super Advanced Whey X3 Protein Nutrimax 100% Original For Muscle Growth Gain Fat Loss,₱149,Metro Manila,67% Off,43 sold,(10)
Prothin Whey Ripped (60 Servings) with FREE Tank Top,"₱1,598",Metro Manila,,"1,866 sold",(518)
PROTHIN WHEY RIPPED PROTEIN 10 servings 300g With L-Carnitine,₱280,Metro Manila,20% Off,10 sold,
Optimum Nutrition Gold Standard 100% Plant Protein 1.06 lbs [with FREE Shaker],"₱1,380",Laguna,14% Off,158 sold,(45)
A1 PROTEIN BENCHMARK WHEY PROTEIN BLEND PER 10 / 20 SACHET,₱269,Metro Manila,,436 sold,(123)
Pure Form Ultra-Micronized Creatine Monohydrate | Unflavored Powder | Building Strength and Muscle,₱599,Metro Manila,40% Off,823 sold,(328)
Protein powder | Control hunger | Assist fat loss | Improve bone health | Promote muscle growth,₱385.16,Cavite,55% Off,"3,289 sold",(73)
Rule 1 Whey Protein Blend Powder (1LB/2LBS),₱549,Metro Manila,,47 sold,(20)
2lbs !!! Promatrix7 Whey Protein Strawberry with Shaker,₱898,Laguna,,"1,322 sold",(396)
Wonder Nutrition Whey Protein Powder - 10 Sachets per box,₱369,Metro Manila,38% Off,195 sold,(53)
MUSCLEPOWER Weight Gainer whey protein Fast recovery and muscle growth Muscle nutrition,₱964,Metro Manila,70% Off,75 sold,(12)
Protein powder | Provide protein | Promote muscle growth | Promote post-workout recovery | vanilla flavor,₱385.16,Cavite,55% Off,"3,284 sold",(73)
1 BOX RESERVA WHEY PROTEIN DARK BELGIAN CHOCOLATE AUTHENTIC SOLD BY ECS AMAZING LIFE SHOP,₱245,Metro Manila,46% Off,13 sold,(3)
HINEX HP (High Protein) powder - Vanilla flavor (400g can),"₱1,020",Metro Manila,22% Off,78 sold,(20)
"Rule 1 R1 Whey Blend REPACKED 1lb,2lbs with shaker whey protein powder",₱699,Metro Manila,,382 sold,(128)
Nutrimax Super Advanced Whey x3 Protein 100% Whey Protein Powder Build Lean Muscle & Strength Reduce excess fat & slim body,₱555.84,Metro Manila,65% Off,30 sold,(9)
"Strawberry Whey Protein Powder, Ideal for Muscle Building, Weight Management, Post-Workout Recovery, and Everyday Wellbeing,strawberry Milkshake, 25g Protein, 1g Sugar",₱385.16,Cavite,55% Off,291 sold,(39)
Wild Berries (Bignay) Powder 100% Natural Pure Organic Non-GMO 50grams,₱115.8,Metro Manila,41% Off,25 sold,(11)
A1 Protein Benchmark Whey NEW PACKAGING and FORMULA 20 or 75 Servings Free A1 Shaker or Tanktop,"₱1,328",,37% Off,,
PROTHIN WHEY RIPPED 10 SERVINGS,₱279,Metro Manila,,21 sold,(6)
"PROTHIN MASS GAINER 5LBS (27 Sachets) Free Shaker, Tanktop, Short, Cap","₱1,648",,67% Off,,
"Whey Protein Powder, Gold Standard 100% Whey Protein Powder, Chocolate 1.0 lb., 90 servings",₱347,Metro Manila,57% Off,"1,735 sold",(28)
"LS Health Creatine Monohydrate Powder Premium Creatine Supplement for Muscle Growth, Increased Strength - Unflavored",₱176.4,Overseas,50% Off,42 sold,(5)
【Local Warehouse】 Prothin Monohydrate Creatine Powder 5g per serving (1 Sachet),₱290,Metro Manila,2% Off,8 sold,
Food Supplementt ON Gold100 Whey Protein Isolates 30g 1 Serving （Retail）,₱233,,30% Off,,
A1 Whey Protein 20 & 75 Servings Free Shaker or Shirt,₱959.9,,39% Off,,
The Gold Standard in Optimal Nutrition 100% Whey Protein 1 lb. Active Whey Protein 18 Servings Strawberry Flavor,₱363.6,Metro Manila,57% Off,979 sold,(66)
